City_ID,City,Country,Date,Lat,Lng,Max Temp,Humidity,Cloudiness,Wind Speed
0,Esperance,AU,2021-10-09 20:43:27,-33.8667,121.9,49.84,59,100,5.23
1,Nikolskoye,RU,2021-10-09 20:43:27,59.7035,30.7861,53.87,85,99,5.77
2,Arraial Do Cabo,BR,2021-10-09 20:38:57,-22.9661,-42.0278,69.76,68,90,16.11
3,Jumla,NP,2021-10-09 20:43:28,29.2747,82.1838,51.39,82,6,4.36
4,Wattegama,LK,2021-10-09 20:43:28,6.7989,81.4808,77.18,77,100,4.29
5,Nanortalik,GL,2021-10-09 20:43:28,60.1432,-45.2371,36.36,82,6,6.62
6,Ushuaia,AR,2021-10-09 20:42:49,-54.8,-68.3,51.46,66,40,6.91
7,Albany,US,2021-10-09 20:42:02,42.6001,-73.9662,65.62,70,100,3.0
8,Longyearbyen,SJ,2021-10-09 20:40:15,78.2186,15.6401,17.44,79,20,8.05
9,Muravlenko,RU,2021-10-09 20:43:29,63.7898,74.523,28.71,78,100,19.48
10,Guerrero Negro,MX,2021-10-09 20:43:29,27.9769,-114.0611,75.67,53,5,23.38
11,Russell,US,2021-10-09 20:43:30,32.3502,-85.1999,83.8,52,75,3.44
12,Jamestown,US,2021-10-09 20:43:30,42.097,-79.2353,67.51,87,90,11.99
13,Alofi,NU,2021-10-09 20:43:05,-19.0595,-169.9187,78.69,83,75,5.75
14,Shirokiy,RU,2021-10-09 20:43:30,49.758,129.523,50.77,96,100,14.92
15,Nago,JP,2021-10-09 20:43:31,26.5881,127.9761,82.47,80,6,18.19
16,Cape Town,ZA,2021-10-09 20:43:06,-33.9258,18.4232,61.11,61,0,10.36
17,Saskylakh,RU,2021-10-09 20:43:31,71.9167,114.0833,7.66,99,100,3.22
18,Cabo San Lucas,MX,2021-10-09 20:42:29,22.8909,-109.9124,99.52,59,1,3.0
19,Souillac,MU,2021-10-09 20:43:32,-20.5167,57.5167,72.36,88,75,13.8
20,Punta Arenas,CL,2021-10-09 20:39:35,-53.15,-70.9167,57.31,51,40,25.32
21,Kruisfontein,ZA,2021-10-09 20:43:32,-34.0033,24.7314,55.89,80,3,10.54
22,Yellowknife,CA,2021-10-09 20:39:38,62.456,-114.3525,44.42,99,90,3.0
23,Lasa,IT,2021-10-09 20:43:33,46.6166,10.7002,48.61,82,3,2.33
24,Hilo,US,2021-10-09 20:43:24,19.7297,-155.09,79.79,87,90,3.44
25,Kapaa,US,2021-10-09 20:43:33,22.0752,-159.319,82.38,73,75,7.0
26,Atar,MR,2021-10-09 20:43:33,20.5169,-13.0499,92.95,14,100,7.25
27,Aklavik,CA,2021-10-09 20:42:19,68.2191,-135.0107,32.0,86,75,6.91
28,Tete,MZ,2021-10-09 20:43:34,-16.1564,33.5867,82.72,31,0,3.8
29,Mataura,NZ,2021-10-09 20:41:26,-46.1927,168.8643,52.48,58,4,2.86
30,Busselton,AU,2021-10-09 20:41:09,-33.65,115.3333,41.09,79,93,7.76
31,Eyl,SO,2021-10-09 20:43:34,7.9803,49.8164,77.45,83,10,12.95
32,Salalah,OM,2021-10-09 20:43:35,17.0151,54.0924,82.49,83,20,5.75
33,Raudeberg,NO,2021-10-09 20:42:16,61.9875,5.1352,56.19,90,100,10.0
34,Hermanus,ZA,2021-10-09 20:43:35,-34.4187,19.2345,49.8,78,0,8.37
35,Waipawa,NZ,2021-10-09 20:43:36,-41.4122,175.5153,55.29,73,76,12.93
36,Rikitea,PF,2021-10-09 20:43:36,-23.1203,-134.9692,74.34,82,100,17.94
37,Miyako,JP,2021-10-09 20:43:36,39.6367,141.9525,60.03,90,27,10.49
38,Danjiangkou,CN,2021-10-09 20:43:37,32.5428,111.5086,63.19,65,100,14.23
39,Vaini,TO,2021-10-09 20:41:11,-21.2,-175.2,77.16,83,20,3.44
40,Norman Wells,CA,2021-10-09 20:42:18,65.282,-126.8329,30.24,93,90,8.05
41,Kodiak,US,2021-10-09 20:43:37,57.79,-152.4072,49.51,46,90,16.11
42,Atambua,ID,2021-10-09 20:43:38,-9.1061,124.8925,71.29,81,34,3.38
43,Aksu,CN,2021-10-09 20:43:38,41.1231,80.2644,45.23,30,23,3.6
44,Victoria,HK,2021-10-09 20:43:26,22.2855,114.1577,81.25,95,100,8.99
45,Neiafu,TO,2021-10-09 20:43:39,-18.65,-173.9833,77.68,83,75,3.44
46,Kilemary,RU,2021-10-09 20:43:39,56.7783,46.8659,43.93,70,100,4.56
47,Sao Felix Do Xingu,BR,2021-10-09 20:43:39,-6.6447,-51.995,88.21,40,79,2.53
48,Kosum Phisai,TH,2021-10-09 20:43:40,16.2486,103.0674,80.19,90,100,8.25
49,Okhotsk,RU,2021-10-09 20:43:40,59.3833,143.3,24.19,78,6,10.54
50,Dikson,RU,2021-10-09 20:39:26,73.5069,80.5464,30.18,60,100,24.34
51,Chokurdakh,RU,2021-10-09 20:43:40,70.6333,147.9167,1.38,100,96,5.06
52,Bluff,NZ,2021-10-09 20:41:07,-46.6,168.3333,52.81,76,77,8.79
53,Lagos,NG,2021-10-09 20:42:22,6.5833,3.75,79.12,89,100,3.49
54,Burriana,ES,2021-10-09 20:43:41,39.889,-0.085,70.95,85,45,3.51
55,Pevek,RU,2021-10-09 20:43:41,69.7008,170.3133,24.13,94,100,3.09
56,Upernavik,GL,2021-10-09 20:43:02,72.7868,-56.1549,31.42,53,99,13.31
57,Kaifeng,CN,2021-10-09 20:39:15,34.7911,114.3483,59.86,94,18,7.94
58,Kostino,RU,2021-10-09 20:43:42,58.9097,53.2691,40.06,97,99,3.09
59,Lebu,CL,2021-10-09 20:43:42,-37.6167,-73.65,56.52,75,0,9.08
60,Castro,BR,2021-10-09 20:43:22,-24.7911,-50.0119,56.59,99,100,4.76
61,Tuktoyaktuk,CA,2021-10-09 20:43:43,69.4541,-133.0374,32.0,93,90,6.91
62,Qostanay,KZ,2021-10-09 20:43:43,53.1667,63.5833,32.29,93,0,11.18
63,Luderitz,NA,2021-10-09 20:43:43,-26.6481,15.1594,63.54,58,68,17.31
64,Hobart,AU,2021-10-09 20:42:57,-42.8794,147.3294,47.05,69,20,3.0
65,Pangai,TO,2021-10-09 20:43:24,-19.8,-174.35,76.71,77,92,11.1
66,Nuuk,GL,2021-10-09 20:40:51,64.1835,-51.7216,34.41,80,75,9.22
67,Katsuura,JP,2021-10-09 20:43:44,35.1333,140.3,69.19,85,28,2.95
68,Saint-Philippe,RE,2021-10-09 20:43:44,-21.3585,55.7679,71.19,85,44,15.66
69,Punta Alta,AR,2021-10-09 20:43:44,-38.8759,-62.0736,68.18,43,0,12.03
70,Ribeira Grande,PT,2021-10-09 20:43:45,38.5167,-28.7,72.0,78,20,18.41
71,Port Alfred,ZA,2021-10-09 20:41:17,-33.5906,26.891,60.67,72,5,17.85
72,Avarua,CK,2021-10-09 20:42:49,-21.2078,-159.775,77.05,65,20,8.05
73,Fredericksburg,US,2021-10-09 20:41:22,38.3032,-77.4605,72.72,77,90,1.01
74,Weymouth,US,2021-10-09 20:39:15,42.2209,-70.9398,62.82,73,75,1.99
75,Faanui,PF,2021-10-09 20:43:46,-16.4833,-151.75,78.3,70,9,5.3
76,Sistranda,NO,2021-10-09 20:43:22,63.7256,8.834,56.89,92,100,16.49
77,Port Elizabeth,ZA,2021-10-09 20:43:19,-33.918,25.5701,58.1,73,4,13.76
78,Port Augusta,AU,2021-10-09 20:43:46,-32.5,137.7667,55.54,74,100,17.9
79,Arlit,NE,2021-10-09 20:43:46,18.7369,7.3853,88.32,9,32,8.97
80,Hyeres,FR,2021-10-09 20:43:47,43.1167,6.1167,63.25,80,90,3.44
81,Puerto Ayora,EC,2021-10-09 20:41:09,-0.7393,-90.3518,78.76,85,90,7.0
82,Portland,US,2021-10-09 20:39:57,45.5234,-122.6762,64.58,71,75,1.01
83,Bethel,US,2021-10-09 20:43:47,41.3712,-73.414,65.35,82,90,1.99
84,Riwaka,NZ,2021-10-09 20:43:48,-41.0833,173.0,58.59,69,7,2.59
85,Tucumcari,US,2021-10-09 20:43:48,35.1717,-103.725,91.24,15,1,26.46
86,Port Hardy,CA,2021-10-09 20:42:20,50.6996,-127.4199,50.18,93,90,6.91
87,Fortuna,US,2021-10-09 20:43:48,40.5982,-124.1573,70.2,57,5,1.99
88,Marawi,PH,2021-10-09 20:43:49,7.9986,124.2928,64.65,90,100,4.12
89,Kolokani,ML,2021-10-09 20:43:49,13.5728,-8.0339,84.18,38,14,2.59
90,George,ZA,2021-10-09 20:43:49,-33.963,22.4617,51.35,87,40,3.44
91,Prescott,US,2021-10-09 20:41:12,34.54,-112.4685,70.38,23,1,1.99
92,Qaqortoq,GL,2021-10-09 20:43:50,60.7167,-46.0333,36.1,83,6,1.57
93,Montrose,US,2021-10-09 20:41:44,38.4166,-108.2673,54.81,26,4,15.7
94,Freeport,US,2021-10-09 20:43:02,40.6576,-73.5832,68.58,70,90,7.0
95,Pisco,PE,2021-10-09 20:41:44,-13.7,-76.2167,67.01,72,0,9.22
96,Egvekinot,RU,2021-10-09 20:43:50,66.3167,-179.1667,18.43,85,100,6.46
97,Iqaluit,CA,2021-10-09 20:43:03,63.7506,-68.5145,35.33,93,90,4.0
98,Canmore,CA,2021-10-09 20:43:51,51.0834,-115.3521,61.75,30,47,11.5
99,Chipinge,ZW,2021-10-09 20:43:51,-20.1883,32.6236,67.84,55,0,5.3
100,Las Tunas,CU,2021-10-09 20:43:51,20.9617,-76.9511,87.93,70,100,1.63
101,New Norfolk,AU,2021-10-09 20:43:52,-42.7826,147.0587,46.71,62,49,1.99
102,Puri,IN,2021-10-09 20:43:52,19.8,85.85,81.12,72,22,1.45
103,Kabansk,RU,2021-10-09 20:43:52,52.0486,106.6528,23.49,76,20,5.19
104,Komsomolskiy,UZ,2021-10-09 20:43:53,40.4272,71.7189,52.52,58,75,9.22
105,Saint-Joseph,RE,2021-10-09 20:43:53,-21.3667,55.6167,70.18,81,38,14.34
106,Kamwenge,UG,2021-10-09 20:43:54,0.1866,30.4539,61.72,98,96,1.99
107,Trelew,AR,2021-10-09 20:43:54,-43.249,-65.3051,79.95,17,0,18.57
108,Erenhot,CN,2021-10-09 20:43:54,43.6475,111.9767,38.26,49,0,16.75
109,Saldanha,ZA,2021-10-09 20:43:18,-33.0117,17.9442,57.25,78,0,14.92
110,Alice Springs,AU,2021-10-09 20:43:55,-23.7,133.8833,65.75,52,34,8.05
111,Ilulissat,GL,2021-10-09 20:43:55,69.2167,-51.1,30.22,47,20,6.91
112,Roald,NO,2021-10-09 20:43:56,62.5833,6.1333,61.16,82,75,14.97
113,Bushehr,IR,2021-10-09 20:43:56,28.9684,50.8385,89.69,48,0,16.11
114,Kokkola,FI,2021-10-09 20:43:56,63.8385,23.1307,53.92,86,90,8.01
115,Aykhal,RU,2021-10-09 20:43:57,66.0,111.5,32.23,98,100,14.18
116,Chuy,UY,2021-10-09 20:43:57,-33.6971,-53.4616,59.58,73,17,9.82
117,Moerai,PF,2021-10-09 20:43:58,-22.4333,-151.3333,73.72,74,8,0.45
118,East London,ZA,2021-10-09 20:42:36,-33.0153,27.9116,61.75,67,3,17.52
119,Laurel,US,2021-10-09 20:43:58,39.0993,-76.8483,72.45,78,90,3.0
120,Lompoc,US,2021-10-09 20:42:19,34.6391,-120.4579,81.01,44,1,17.27
121,Zhongshu,CN,2021-10-09 20:43:58,24.5167,103.7667,60.67,91,100,7.31
122,Atuona,PF,2021-10-09 20:43:59,-9.8,-139.0333,78.08,72,8,18.59
123,Shieli,KZ,2021-10-09 20:43:59,44.1667,66.75,47.35,39,100,6.53
124,Bien Hoa,VN,2021-10-09 20:43:59,10.95,106.8167,78.78,97,100,4.81
125,Antsohihy,MG,2021-10-09 20:44:00,-14.8796,47.9875,73.8,56,3,7.94
126,Antofagasta,CL,2021-10-09 20:42:27,-23.65,-70.4,60.08,67,4,10.65
127,Severo-Kurilsk,RU,2021-10-09 20:44:00,50.6789,156.125,44.58,78,21,12.82
128,Thompson,CA,2021-10-09 20:42:53,55.7435,-97.8558,51.96,46,20,8.05
129,Itoman,JP,2021-10-09 20:44:01,26.1247,127.6694,82.42,78,40,11.5
130,Bonavista,CA,2021-10-09 20:44:02,48.6499,-53.1147,44.11,79,30,35.52
131,Rabo De Peixe,PT,2021-10-09 20:44:02,37.8,-25.5833,69.31,78,40,11.5
132,Nabire,ID,2021-10-09 20:44:03,-3.3667,135.4833,76.82,92,100,2.24
133,Kikwit,CD,2021-10-09 20:44:03,-5.041,18.8162,75.38,74,78,2.13
134,Lahij,YE,2021-10-09 20:44:03,13.1667,44.5833,81.9,67,96,1.48
135,Adolfo Lopez Mateos,MX,2021-10-09 20:44:04,28.4667,-107.3,79.93,23,0,12.28
136,Bantacan,PH,2021-10-09 20:44:04,7.604,126.1298,76.51,79,100,4.76
137,Alta Floresta,BR,2021-10-09 20:44:05,-9.8756,-56.0861,91.22,55,20,6.91
138,Margau,RO,2021-10-09 20:44:05,46.75,22.9667,37.15,77,38,3.85
139,Hithadhoo,MV,2021-10-09 20:41:45,-0.6,73.0833,82.78,70,100,9.57
140,Ha Tinh,VN,2021-10-09 20:44:05,18.3333,105.9,75.87,87,100,2.26
141,Viedma,AR,2021-10-09 20:40:28,-40.8135,-62.9967,78.3,22,0,12.1
142,Putina,PE,2021-10-09 20:44:06,-15.4667,-69.4333,54.46,61,96,13.91
143,Coahuayana,MX,2021-10-09 20:44:06,18.7333,-103.6833,87.69,69,100,4.52
144,Atlantic City,US,2021-10-09 20:44:07,39.3643,-74.4229,70.99,79,90,13.8
145,Faya,SA,2021-10-09 20:44:07,18.3851,42.4509,68.11,44,8,10.33
146,Lianran,CN,2021-10-09 20:44:08,24.9227,102.485,57.74,87,100,3.69
147,Nanyuki,KE,2021-10-09 20:44:08,0.0167,37.0728,59.63,86,57,9.04
148,Valparaiso,CL,2021-10-09 20:41:10,-33.0393,-71.6273,61.03,68,20,6.91
149,Palafrugell,ES,2021-10-09 20:44:08,41.9174,3.1631,65.71,53,22,1.01
150,Gamba,GA,2021-10-09 20:44:09,-2.65,10.0,76.96,89,100,8.14
151,Ulaanbaatar,MN,2021-10-09 20:44:09,47.9077,106.8832,17.73,86,0,0.0
152,Mar Del Plata,AR,2021-10-09 20:40:24,-38.0023,-57.5575,55.42,61,0,15.99
153,Yerbogachen,RU,2021-10-09 20:44:09,61.2767,108.0108,36.93,97,100,13.89
154,Brae,GB,2021-10-09 20:44:10,60.3964,-1.353,53.51,93,49,14.09
155,Semme,FR,2021-10-09 20:44:10,46.1963,1.5007,54.01,91,0,3.18
156,North Bay,CA,2021-10-09 20:39:21,46.3168,-79.4663,68.14,85,90,1.01
157,Georgetown,MY,2021-10-09 20:41:41,5.4112,100.3354,79.9,92,20,1.99
158,La Rioja,ES,2021-10-09 20:44:11,42.25,-2.5,51.04,91,11,4.12
159,Belyy Yar,RU,2021-10-09 20:44:11,53.6039,91.3903,44.49,61,0,8.95
160,Lardos,GR,2021-10-09 20:44:11,36.0942,28.0157,74.95,73,0,7.87
161,Domoni,KM,2021-10-09 20:44:12,-12.2569,44.5319,75.72,84,0,5.48
162,Port Hedland,AU,2021-10-09 20:44:12,-20.3167,118.5667,66.25,48,0,10.36
163,Isiro,CD,2021-10-09 20:44:13,2.7739,27.616,68.02,98,95,2.71
164,Butaritari,KI,2021-10-09 20:44:13,3.0707,172.7902,82.45,66,100,12.3
165,Takoradi,GH,2021-10-09 20:44:13,4.8845,-1.7554,77.65,90,100,9.19
166,Ambilobe,MG,2021-10-09 20:44:14,-13.2,49.05,71.46,70,13,6.35
167,Pemberton,CA,2021-10-09 20:43:08,50.3164,-122.8027,47.89,99,100,5.57
168,Xiaolan,CN,2021-10-09 20:44:14,22.6731,113.2295,78.75,99,96,13.73
169,Aqtobe,KZ,2021-10-09 20:44:15,50.2797,57.2072,30.29,69,0,0.0
170,Bredasdorp,ZA,2021-10-09 20:44:15,-34.5322,20.0403,49.28,85,0,2.08
171,Tiksi,RU,2021-10-09 20:44:16,71.6872,128.8694,16.14,89,75,3.44
172,Ribas Do Rio Pardo,BR,2021-10-09 20:44:16,-20.4431,-53.7592,78.35,77,100,4.81
173,Cidreira,BR,2021-10-09 20:44:16,-30.1811,-50.2056,63.75,86,100,19.42
174,Mastung,PK,2021-10-09 20:44:17,29.7994,66.845,59.07,23,0,5.91
175,Namatanai,PG,2021-10-09 20:42:24,-3.6667,152.4333,79.93,82,73,4.74
176,Beian,NO,2021-10-09 20:44:17,63.6559,9.5683,57.0,100,75,5.75
177,Husavik,IS,2021-10-09 20:44:18,66.0449,-17.3389,40.91,97,100,10.25
178,Tual,ID,2021-10-09 20:44:18,-5.6667,132.75,81.21,81,93,7.7
179,Bambous Virieux,MU,2021-10-09 20:41:43,-20.3428,57.7575,72.21,88,75,13.8
180,Saint-Pierre,RE,2021-10-09 20:41:33,-21.3393,55.4781,71.28,73,75,14.97
181,Kuah,MY,2021-10-09 20:44:18,6.3265,99.8432,84.18,84,20,5.75
182,Wenzhou,CN,2021-10-09 20:44:19,27.9994,120.6668,74.55,86,100,3.74
183,Andenes,NO,2021-10-09 20:44:19,69.3143,16.1194,48.18,87,90,5.75
184,Clyde River,CA,2021-10-09 20:44:19,70.4692,-68.5914,34.7,75,100,12.84
185,Hamilton,US,2021-10-09 20:40:00,39.1834,-84.5333,82.69,61,40,1.99
186,Namibe,AO,2021-10-09 20:42:18,-15.1961,12.1522,65.44,77,4,3.76
187,Akureyri,IS,2021-10-09 20:44:20,65.6835,-18.0878,40.93,93,90,6.91
188,At-Bashi,KG,2021-10-09 20:44:20,41.1702,75.8106,36.77,60,52,6.93
189,Gazli,UZ,2021-10-09 20:44:21,40.1333,63.45,47.05,42,5,9.57
190,Vila Velha,BR,2021-10-09 20:44:21,-20.3297,-40.2925,69.75,83,75,2.3
191,Cherskiy,RU,2021-10-09 20:44:21,68.75,161.3,9.28,96,99,5.23
192,Mayumba,GA,2021-10-09 20:44:22,-3.432,10.6554,77.09,91,97,8.72
193,Camaqua,BR,2021-10-09 20:44:22,-30.8511,-51.8122,62.51,82,100,10.94
194,Hervey Bay,AU,2021-10-09 20:44:23,-25.2986,152.8535,76.03,75,8,9.6
195,San Agustin,MX,2021-10-09 20:44:23,20.5333,-103.4667,84.51,54,100,2.21
196,Dudinka,RU,2021-10-09 20:43:51,69.4058,86.1778,22.39,87,94,14.25
197,Tabou,CI,2021-10-09 20:44:23,4.423,-7.3528,76.69,90,34,7.14
198,Cairns,AU,2021-10-09 20:44:24,-16.9167,145.7667,75.15,86,75,5.75
199,Zile,TR,2021-10-09 20:44:24,40.3031,35.8864,54.72,49,0,2.77
200,Biak,ID,2021-10-09 20:44:25,-0.9131,122.8766,75.36,79,89,4.79
201,Tashtyp,RU,2021-10-09 20:44:25,52.7939,89.8983,35.87,82,72,6.22
202,Manokwari,ID,2021-10-09 20:44:25,-0.8667,134.0833,79.3,77,26,2.06
203,Seoul,KR,2021-10-09 20:44:26,37.5683,126.9778,69.4,88,90,5.75
204,Calama,CL,2021-10-09 20:44:26,-22.4667,-68.9333,75.69,13,0,29.93
205,Leningradskiy,RU,2021-10-09 20:43:38,69.3833,178.4167,17.15,94,99,4.38
206,Curillo,CO,2021-10-09 20:44:27,1.0333,-75.9191,83.97,68,93,2.98
207,Kutum,SD,2021-10-09 20:44:27,14.2,24.6667,79.56,15,100,12.68
208,Maarianhamina,AX,2021-10-09 20:44:28,60.0973,19.9348,55.26,88,90,5.75
209,Mount Gambier,AU,2021-10-09 20:44:28,-37.8333,140.7667,39.11,93,68,5.75
210,Sao Filipe,CV,2021-10-09 20:41:46,14.8961,-24.4956,80.69,73,3,10.11
211,Isangel,VU,2021-10-09 20:44:29,-19.55,169.2667,75.31,73,30,5.75
212,Pangnirtung,CA,2021-10-09 20:44:29,66.1451,-65.7125,32.9,91,77,2.55
213,Ponta Do Sol,PT,2021-10-09 20:43:06,32.6667,-17.1,72.23,72,24,5.35
214,Sibolga,ID,2021-10-09 20:44:30,1.7427,98.7792,77.23,90,95,1.81
215,Hualmay,PE,2021-10-09 20:44:30,-11.0964,-77.6139,66.51,80,54,10.38
216,Tahoua,NE,2021-10-09 20:44:30,14.8888,5.2692,91.38,21,0,4.61
217,Praxedis Guerrero,MX,2021-10-09 20:44:31,31.3667,-106.0167,91.42,19,0,13.29
218,Road Town,VG,2021-10-09 20:39:49,18.4167,-64.6167,87.84,58,20,9.22
219,Belmonte,BR,2021-10-09 20:44:31,-15.8631,-38.8828,75.7,80,100,11.41
220,Mitsamiouli,KM,2021-10-09 20:44:32,-11.3847,43.2844,76.44,81,10,11.07
221,Camopi,GF,2021-10-09 20:44:32,3.1655,-52.3158,83.89,62,100,4.61
222,Colomi,BO,2021-10-09 20:44:32,-17.35,-65.8667,75.22,73,82,9.44
223,Saint George,US,2021-10-09 20:44:33,37.1041,-113.5841,71.94,36,1,1.99
224,Airai,TL,2021-10-09 20:43:12,-8.9266,125.4092,58.75,53,96,1.77
225,Shimoda,JP,2021-10-09 20:40:39,34.6667,138.95,67.1,88,72,11.74
226,Ixtapa,MX,2021-10-09 20:44:33,20.7,-105.2,90.23,75,100,1.99
227,Tabory,RU,2021-10-09 20:44:34,58.5198,64.5495,34.18,79,73,6.78
228,Unai,BR,2021-10-09 20:44:34,-16.3575,-46.9061,89.82,29,76,2.33
229,Am Timan,TD,2021-10-09 20:44:35,11.0297,20.2827,80.62,51,100,3.71
230,Vercelli,IT,2021-10-09 20:44:35,45.3231,8.4153,60.35,72,93,3.49
231,Dzilam Gonzalez,MX,2021-10-09 20:44:35,21.2833,-88.9333,87.58,62,69,8.93
232,Abu Kamal,SY,2021-10-09 20:44:36,34.4506,40.9171,77.41,17,0,4.56
233,Nong Chik,TH,2021-10-09 20:44:36,6.8436,101.178,80.2,89,93,8.7
234,Sao Luis De Montes Belos,BR,2021-10-09 20:44:36,-16.525,-50.3722,89.98,31,14,4.23
235,Shingu,JP,2021-10-09 20:42:10,33.7333,135.9833,71.38,90,36,6.62
236,Waingapu,ID,2021-10-09 20:44:37,-9.6567,120.2641,75.88,78,59,2.93
237,Aloleng,PH,2021-10-09 20:44:37,16.1307,119.7824,80.62,82,100,3.44
238,Jalu,LY,2021-10-09 20:44:38,29.0331,21.5482,78.21,27,0,9.78
239,Najran,SA,2021-10-09 20:44:38,17.4924,44.1277,79.45,37,8,4.83
240,Torbay,CA,2021-10-09 20:44:39,47.6666,-52.7314,45.57,88,75,26.46
241,Khatanga,RU,2021-10-09 20:42:39,71.9667,102.5,17.64,96,100,1.23
242,Bengkulu,ID,2021-10-09 20:44:39,-3.8004,102.2655,76.69,92,25,5.48
243,Hirtshals,DK,2021-10-09 20:44:39,57.5881,9.9592,47.86,88,100,10.67
244,Gejiu,CN,2021-10-09 20:44:40,23.306,103.1635,56.77,85,100,5.97
245,Poum,NC,2021-10-09 20:44:40,-20.2333,164.0167,72.91,67,16,12.48
246,Finschhafen,PG,2021-10-09 20:44:41,-6.6024,147.8681,78.31,86,100,8.43
247,Beroroha,MG,2021-10-09 20:44:41,-21.6667,45.1667,74.77,65,45,2.8
248,Severodvinsk,RU,2021-10-09 20:44:41,64.5635,39.8302,33.91,94,100,8.28
249,Ondangwa,NA,2021-10-09 20:44:42,-17.9167,15.95,82.26,15,0,9.22
250,Vicuna,CL,2021-10-09 20:44:42,-30.0319,-70.7081,68.77,46,0,8.75
251,Meadow Lake,US,2021-10-09 20:44:43,34.8014,-106.5436,81.66,27,13,18.61
252,Hambantota,LK,2021-10-09 20:44:43,6.1241,81.1185,80.22,82,100,16.91
253,Bujumbura,BI,2021-10-09 20:41:35,-3.3822,29.3644,76.14,64,70,4.63
254,Meulaboh,ID,2021-10-09 20:44:44,4.1363,96.1285,76.57,87,90,5.95
255,Saint-Augustin,CA,2021-10-09 20:42:25,51.226,-58.6502,47.23,50,10,5.28
256,Carnarvon,AU,2021-10-09 20:41:13,-24.8667,113.6333,60.87,63,0,13.8
257,Labuan,MY,2021-10-09 20:44:44,5.2767,115.2417,80.96,88,20,0.0
258,Kalmar,SE,2021-10-09 20:44:44,56.6616,16.3616,51.96,93,96,3.44
259,Northam,GB,2021-10-09 20:44:45,51.0333,-4.2167,59.4,93,100,4.32
260,Yulara,AU,2021-10-09 20:44:45,-25.2406,130.9889,60.64,72,100,16.11
261,Cururupu,BR,2021-10-09 20:44:45,-1.8283,-44.8683,79.2,78,80,4.36
262,Wanning,CN,2021-10-09 20:44:46,18.8003,110.3967,77.97,88,93,11.92
263,Tautira,PF,2021-10-09 20:44:46,-17.7333,-149.15,84.22,70,21,5.12
264,Qaanaaq,GL,2021-10-09 20:44:47,77.484,-69.3632,28.26,80,100,13.51
265,Beyneu,KZ,2021-10-09 20:44:47,45.3167,55.2,49.06,47,0,7.81
266,Tyukalinsk,RU,2021-10-09 20:44:47,55.8732,72.1967,39.78,79,99,6.87
267,Mwinilunga,ZM,2021-10-09 20:44:48,-11.7358,24.4293,74.66,31,46,2.66
268,Inuvik,CA,2021-10-09 20:44:48,68.3499,-133.7218,32.04,80,75,4.61
269,Severnyy,RU,2021-10-09 20:44:49,50.677,36.5532,37.44,60,0,6.71
270,Lorengau,PG,2021-10-09 20:44:49,-2.0226,147.2712,80.98,79,100,2.17
271,Jurm,AF,2021-10-09 20:44:49,36.8648,70.8342,41.88,50,62,3.85
272,Tura,IN,2021-10-09 20:44:50,25.5198,90.2201,73.38,86,2,2.21
273,Oum Hadjer,TD,2021-10-09 20:44:50,13.2954,19.6966,90.45,35,100,4.7
274,Olafsvik,IS,2021-10-09 20:43:10,64.8945,-23.7142,41.77,85,81,17.29
275,Mayya,RU,2021-10-09 20:44:50,61.7333,130.2811,34.92,94,80,5.93
276,Ajaccio,FR,2021-10-09 20:44:51,42.0,8.9167,57.69,55,90,3.44
277,Nemuro,JP,2021-10-09 20:44:51,43.3236,145.575,56.64,91,59,17.63
278,Badamdar,AZ,2021-10-09 20:44:51,40.3394,49.8039,55.35,60,47,10.87
279,Hawalli,KW,2021-10-09 20:44:52,29.2833,47.9972,89.69,19,0,8.99
280,Narsaq,GL,2021-10-09 20:42:55,60.9167,-46.05,35.82,58,3,3.29
281,Kaitangata,NZ,2021-10-09 20:44:52,-46.2817,169.8464,52.05,63,2,2.84
282,Yar-Sale,RU,2021-10-09 20:44:53,66.8333,70.8333,28.72,84,18,16.22
283,Akyab,MM,2021-10-09 20:43:23,20.15,92.9,80.2,86,46,3.98
284,Oksfjord,NO,2021-10-09 20:44:53,70.2396,22.3479,43.72,91,100,9.78
285,Codrington,AU,2021-10-09 20:44:54,-38.2667,141.9667,48.15,67,37,8.05
286,Fare,PF,2021-10-09 20:44:54,-16.7,-151.0167,77.88,69,0,3.0
287,Nome,US,2021-10-09 20:43:19,64.5011,-165.4064,39.16,69,1,0.0
288,Kavieng,PG,2021-10-09 20:42:30,-2.5744,150.7967,80.96,80,89,8.61
289,Kant,IN,2021-10-09 20:44:54,27.8,79.8,75.42,58,0,0.85
290,Sao Joao Da Barra,BR,2021-10-09 20:40:16,-21.6403,-41.0511,71.69,79,100,9.51
291,Cape Coast,GH,2021-10-09 20:44:55,5.1053,-1.2466,78.73,88,100,12.26
292,Buraydah,SA,2021-10-09 20:44:55,26.326,43.975,84.65,16,0,8.81
293,Akdepe,TM,2021-10-09 20:44:56,42.0551,59.3788,41.0,58,5,7.96
294,Prince Rupert,CA,2021-10-09 20:41:40,54.3161,-130.3201,49.69,78,90,9.22
295,Vao,NC,2021-10-09 20:42:40,-22.6667,167.4833,69.51,62,56,15.21
296,Sinegorye,RU,2021-10-09 20:44:56,62.0788,150.477,10.31,84,23,6.24
297,Talcahuano,CL,2021-10-09 20:44:56,-36.7167,-73.1167,56.88,77,90,11.5
298,Pithoragarh,IN,2021-10-09 20:44:57,29.5833,80.2167,56.08,90,0,2.75
299,Flinders,AU,2021-10-09 20:44:57,-34.5833,150.8552,64.38,81,67,1.01
300,Manama,BH,2021-10-09 20:43:09,26.2154,50.5832,87.98,61,0,14.97
301,Petropavlovsk-Kamchatskiy,RU,2021-10-09 20:44:58,53.0452,158.6483,28.99,86,20,4.47
302,Veshenskaya,RU,2021-10-09 20:44:58,49.6303,41.7334,45.01,56,100,6.53
303,Barrow,US,2021-10-09 20:44:59,71.2906,-156.7887,30.22,74,90,5.75
304,Klaksvik,FO,2021-10-09 20:41:47,62.2266,-6.589,50.92,84,63,21.61
305,Kamaishi,JP,2021-10-09 20:41:21,39.2667,141.8833,63.23,89,91,11.61
306,Porto Torres,IT,2021-10-09 20:44:59,40.835,8.3972,60.98,58,35,16.26
307,Bonaventure,CA,2021-10-09 20:43:15,48.0457,-65.4926,61.38,50,2,3.44
308,Adrar,MR,2021-10-09 20:45:00,20.5022,-10.0711,89.46,13,80,11.65
309,Rocha,UY,2021-10-09 20:41:30,-34.4833,-54.3333,58.68,73,1,9.57
310,Bonthe,SL,2021-10-09 20:45:00,7.5264,-12.505,79.18,84,100,7.56
311,Rognan,NO,2021-10-09 20:45:01,67.0953,15.3878,54.75,87,100,7.14
312,Misratah,LY,2021-10-09 20:45:01,32.3754,15.0925,74.86,63,65,14.29
313,Cap-Aux-Meules,CA,2021-10-09 20:45:02,47.3821,-61.8597,51.85,62,20,10.36
314,Bom Jesus,BR,2021-10-09 20:45:03,-9.0744,-44.3586,95.79,18,99,7.99
315,Abashiri,JP,2021-10-09 20:45:04,44.0213,144.2697,47.95,82,99,12.57
316,Kholmogory,RU,2021-10-09 20:45:05,64.2229,41.656,33.91,90,100,3.58
317,Singleton,AU,2021-10-09 20:45:06,-32.5667,151.1833,66.78,78,46,1.01
318,Noumea,NC,2021-10-09 20:40:18,-22.2763,166.4572,73.0,99,22,11.99
319,Kuzedeyevo,RU,2021-10-09 20:45:06,53.3308,87.2019,36.99,89,6,6.2
320,Victor Harbor,AU,2021-10-09 20:45:07,-35.5667,138.6167,52.0,66,56,8.72
321,Hasaki,JP,2021-10-09 20:41:18,35.7333,140.8333,66.6,83,19,4.63
322,La Ronge,CA,2021-10-09 20:44:55,55.1001,-105.2842,59.25,20,40,6.91
323,Santa Maria,BR,2021-10-09 20:45:07,-29.6842,-53.8069,69.1,78,90,9.22
324,Yushu,CN,2021-10-09 20:45:08,44.8,126.5333,53.17,56,100,16.06
325,Wellington,NZ,2021-10-09 20:45:08,-41.2866,174.7756,58.77,77,75,4.0
326,Ndele,CF,2021-10-09 20:45:08,8.4109,20.6473,75.85,70,100,2.19
327,Kahului,US,2021-10-09 20:43:29,20.8947,-156.47,81.66,84,75,23.02
328,Florianopolis,BR,2021-10-09 20:44:37,-27.6146,-48.5012,65.62,88,90,8.05
329,Shenjiamen,CN,2021-10-09 20:45:09,29.9576,122.298,76.71,91,35,10.13
330,Venice,US,2021-10-09 20:44:51,27.0998,-82.4543,89.64,71,1,8.01
331,Southbridge,US,2021-10-09 20:45:10,42.0751,-72.0334,62.37,79,100,7.14
332,Nara,JP,2021-10-09 20:43:14,34.6851,135.8049,73.9,76,4,3.71
333,Vavuniya,LK,2021-10-09 20:44:45,8.7514,80.4971,77.25,86,100,6.53
334,Fairbanks,US,2021-10-09 20:44:49,64.8378,-147.7164,39.6,89,75,0.0
335,Ostrovnoy,RU,2021-10-09 20:45:10,68.0531,39.5131,36.21,97,100,14.92
336,Dhupgari,IN,2021-10-09 20:45:11,26.5858,89.0145,76.64,80,0,1.83
337,Castlegar,CA,2021-10-09 20:45:11,49.2998,-117.6689,57.29,33,81,4.74
338,Ingham,US,2021-10-09 20:45:12,42.6,-84.3833,75.74,75,90,0.0
339,Pandaria,IN,2021-10-09 20:45:12,22.2333,81.4167,71.15,64,24,3.02
340,Maceio,BR,2021-10-09 20:40:49,-9.6658,-35.7353,83.64,65,20,6.91
341,Sao Domingos,BR,2021-10-09 20:45:12,-13.3983,-46.3183,90.16,24,73,3.0
342,Kyzyl-Suu,KG,2021-10-09 20:45:13,42.3414,78.0056,43.79,56,88,6.89
343,Hammerfest,NO,2021-10-09 20:45:13,70.6634,23.6821,43.25,100,90,3.44
344,Vila,PT,2021-10-09 20:45:13,42.0304,-8.1588,59.32,84,100,4.12
345,Comodoro Rivadavia,AR,2021-10-09 20:45:14,-45.8667,-67.5,69.66,37,0,13.8
346,Tilichiki,RU,2021-10-09 20:45:14,60.4667,166.1,25.27,74,16,3.27
347,Ust-Nera,RU,2021-10-09 20:45:15,64.5667,143.2,21.33,94,100,6.46
348,Kalmunai,LK,2021-10-09 20:45:15,7.4167,81.8167,80.64,72,100,3.76
349,Oschersleben,DE,2021-10-09 20:45:16,52.0333,11.25,46.71,67,15,5.88
350,Ballina,AU,2021-10-09 20:45:16,-28.8667,153.5667,63.79,100,7,3.44
351,Mahebourg,MU,2021-10-09 20:45:16,-20.4081,57.7,72.25,88,75,13.8
352,Bama,NG,2021-10-09 20:45:17,11.5221,13.6856,80.89,25,82,2.08
353,Fatehpur,IN,2021-10-09 20:45:17,25.9333,80.8,75.94,62,7,3.69
354,Gazojak,TM,2021-10-09 20:45:18,41.1875,61.4036,46.02,55,1,8.5
355,Homer,US,2021-10-09 20:45:18,59.6425,-151.5483,45.09,88,90,19.57
356,Toamasina,MG,2021-10-09 20:45:19,-18.1667,49.3833,66.2,94,40,4.61
357,Caravelas,BR,2021-10-09 20:45:20,-17.7125,-39.2481,73.04,76,100,9.15
358,Berlevag,NO,2021-10-09 20:45:20,70.8578,29.0864,37.8,95,100,6.53
359,Rafraf,TN,2021-10-09 20:45:21,37.1904,10.1837,64.71,72,58,6.69
360,Asau,RO,2021-10-09 20:45:21,46.4333,26.4,41.4,71,20,4.81
361,Quang Ngai,VN,2021-10-09 20:45:21,15.1167,108.8,75.6,91,87,4.23
362,Tessalit,ML,2021-10-09 20:45:22,20.1986,1.0114,87.03,10,100,8.95
363,Granada,ES,2021-10-09 20:45:22,37.25,-3.25,61.3,50,100,2.17
364,Cartagena,CO,2021-10-09 20:43:02,10.3997,-75.5144,78.42,94,75,0.0
365,Talnakh,RU,2021-10-09 20:45:22,69.4865,88.3972,14.29,93,47,10.42
366,Romans-Sur-Isere,FR,2021-10-09 20:45:23,45.0464,5.0562,57.4,85,73,3.56
367,Haines Junction,CA,2021-10-09 20:45:23,60.7522,-137.5108,39.15,70,100,2.3
368,San Quintin,MX,2021-10-09 20:42:22,30.4833,-115.95,70.43,57,29,24.47
369,Iquique,CL,2021-10-09 20:43:58,-20.2208,-70.1431,62.64,77,26,9.73
370,Quatre Cocos,MU,2021-10-09 20:45:24,-20.2078,57.7625,72.09,77,15,17.98
371,Sitka,US,2021-10-09 20:42:17,57.0531,-135.33,49.89,76,75,16.11
372,Sovetskiy,RU,2021-10-09 20:45:24,61.3614,63.5842,29.98,72,12,8.46
373,Bilibino,RU,2021-10-09 20:45:25,68.0546,166.4372,4.59,97,100,0.72
374,Casablanca,MA,2021-10-09 20:42:02,33.5928,-7.6192,69.33,88,40,11.01
375,Padang,ID,2021-10-09 20:43:39,-0.9492,100.3543,75.25,90,26,4.23
376,Whitehorse,CA,2021-10-09 20:45:25,60.7161,-135.0538,44.02,52,75,15.99
377,Massakory,TD,2021-10-09 20:45:26,12.996,15.7293,90.32,17,91,8.66
378,Provideniya,RU,2021-10-09 20:45:26,64.3833,-173.3,30.52,77,29,5.17
379,Labuhan,ID,2021-10-09 20:45:26,-6.8844,112.2051,77.77,80,57,9.28
380,Port Blair,IN,2021-10-09 20:45:27,11.6667,92.75,78.84,94,90,2.3
381,Korla,CN,2021-10-09 20:45:27,41.7597,86.1469,45.01,45,5,2.42
382,Coihaique,CL,2021-10-09 20:45:28,-45.5752,-72.0662,62.55,42,20,9.22
383,Mehamn,NO,2021-10-09 20:45:01,71.0357,27.8492,37.8,97,100,6.44
384,Kununurra,AU,2021-10-09 20:43:21,-15.7667,128.7333,75.18,69,19,3.44
385,Yumen,CN,2021-10-09 20:43:47,40.2833,97.2,34.23,28,0,6.02
386,Balakhninskiy,RU,2021-10-09 20:45:28,58.0106,114.2769,33.01,86,100,6.73
387,Atbasar,KZ,2021-10-09 20:41:15,51.8,68.3333,38.95,62,0,5.66
388,Dunmore Town,BS,2021-10-09 20:45:29,25.5,-76.65,81.75,68,100,1.54
389,Upington,ZA,2021-10-09 20:45:29,-28.4478,21.2561,61.18,27,0,4.61
390,Keti Bandar,PK,2021-10-09 20:45:29,24.1447,67.4497,80.15,75,0,9.91
391,Perth,AU,2021-10-09 20:45:02,-31.9333,115.8333,51.98,78,0,11.5
392,Baruun-Urt,MN,2021-10-09 20:45:30,46.6806,113.2792,28.89,78,3,13.58
393,Juan Lacaze,UY,2021-10-09 20:45:30,-34.4342,-57.4381,62.67,78,34,18.54
394,Temirtau,KZ,2021-10-09 20:45:31,50.0544,72.9483,25.05,63,95,1.21
395,Vila Franca Do Campo,PT,2021-10-09 20:45:31,37.7167,-25.4333,70.21,82,56,9.28
396,Kavaratti,IN,2021-10-09 20:45:31,10.5669,72.642,82.2,80,99,10.63
397,Constitucion,CL,2021-10-09 20:45:32,-35.3333,-72.4167,56.77,77,34,7.11
398,Soto La Marina,MX,2021-10-09 20:45:32,23.7667,-98.2167,90.77,57,4,11.14
399,Nelson Bay,AU,2021-10-09 20:45:33,-32.7167,152.15,67.28,75,12,11.07
400,Santa Cruz De La Palma,ES,2021-10-09 20:45:33,28.6835,-17.7642,73.54,73,0,17.27
401,Abu Samrah,SY,2021-10-09 20:45:33,35.3029,37.1841,73.29,26,0,5.79
402,Port Moresby,PG,2021-10-09 20:45:34,-9.4431,147.1797,76.68,86,76,6.38
403,Cangzhou,CN,2021-10-09 20:45:34,38.3167,116.8667,56.3,56,99,12.75
404,Anapskaya,RU,2021-10-09 20:45:34,44.89,37.38,50.25,71,98,6.71
405,Awjilah,LY,2021-10-09 20:45:35,29.1081,21.2869,78.82,26,0,9.51
406,Moncton,CA,2021-10-09 20:45:35,46.1159,-64.8019,55.99,54,20,0.0
407,San Pedro,PH,2021-10-09 20:45:36,14.35,121.0167,81.63,87,75,6.91
408,Necochea,AR,2021-10-09 20:43:19,-38.5473,-58.7368,65.03,69,0,11.56
409,Hami,CN,2021-10-09 20:43:50,42.8,93.45,42.8,36,0,4.81
410,Troitsko-Pechorsk,RU,2021-10-09 20:45:36,62.7084,56.1964,28.78,81,26,4.14
411,Naron,ES,2021-10-09 20:45:37,43.5167,-8.1528,63.59,83,94,13.2
412,Zambrow,PL,2021-10-09 20:45:37,52.9855,22.2432,39.2,79,0,5.61
413,Semey,KZ,2021-10-09 20:45:37,50.4111,80.2275,41.09,58,0,8.14
414,Playas,EC,2021-10-09 20:45:38,-2.6333,-80.3833,73.76,77,30,17.63
415,Lagoa,PT,2021-10-09 20:45:38,39.05,-27.9833,69.49,78,77,20.42
416,Balabac,PH,2021-10-09 20:45:39,7.9868,117.0645,82.15,83,100,11.05
417,Vanavara,RU,2021-10-09 20:45:39,60.34,102.2797,35.29,96,100,11.7
418,Bubaque,GW,2021-10-09 20:45:39,11.2833,-15.8333,82.85,75,63,11.41
419,Berbera,SO,2021-10-09 20:45:40,10.4396,45.0143,87.35,68,84,3.2
420,Nouadhibou,MR,2021-10-09 20:45:40,20.931,-17.0347,75.18,69,97,10.36
421,Khandbari,NP,2021-10-09 20:45:40,27.3747,87.2039,67.06,93,46,1.32
422,Usinsk,RU,2021-10-09 20:45:41,65.9939,57.5281,28.92,85,16,9.69
423,Mbini,GQ,2021-10-09 20:45:41,1.574,9.6134,77.23,89,100,5.01
424,Lesogorsk,RU,2021-10-09 20:45:42,56.0458,99.5136,44.28,70,100,16.11
425,Coolum Beach,AU,2021-10-09 20:45:42,-26.5333,153.1,70.11,83,40,7.31
426,Madera,US,2021-10-09 20:45:42,37.1666,-119.8343,73.53,26,0,6.51
427,Asfi,MA,2021-10-09 20:45:43,32.2994,-9.2372,69.19,92,73,15.05
428,Renfrew,GB,2021-10-09 20:45:43,55.872,-4.3925,53.83,92,20,4.61
429,Tatvan,TR,2021-10-09 20:45:44,38.5067,42.2817,50.7,49,0,2.73
430,Kasongo-Lunda,CD,2021-10-09 20:45:44,-6.4667,16.8167,76.71,73,100,2.98
431,Henties Bay,NA,2021-10-09 20:45:45,-22.116,14.2845,57.85,80,0,3.98
432,Colac,AU,2021-10-09 20:45:45,-38.3333,143.5833,45.84,85,7,1.1
433,Minab,IR,2021-10-09 20:45:45,27.1467,57.0801,85.5,30,0,7.05
434,Kloulklubed,PW,2021-10-09 20:45:46,7.0419,134.2556,73.9,78,79,22.19
435,Orthez,FR,2021-10-09 20:45:46,43.4884,-0.7724,60.42,95,0,5.75
436,Watertown,US,2021-10-09 20:45:47,42.3709,-71.1828,62.74,70,75,5.99
437,Piet Retief,ZA,2021-10-09 20:45:08,-27.0071,30.8132,57.31,84,100,7.61
438,Mamallapuram,IN,2021-10-09 20:45:47,12.6264,80.1722,84.25,77,99,7.58
439,Dingle,PH,2021-10-09 20:45:48,10.9995,122.6711,74.82,95,100,10.38
440,Yichang,CN,2021-10-09 20:45:48,30.7144,111.2847,67.28,94,100,1.7
441,Sabang,ID,2021-10-09 20:44:08,5.8933,95.3214,82.27,78,86,21.34
442,Gondanglegi,ID,2021-10-09 20:45:48,-7.7479,112.0132,74.44,89,64,11.56
443,Tasiilaq,GL,2021-10-09 20:45:49,65.6145,-37.6368,33.96,88,10,4.29
444,Grindavik,IS,2021-10-09 20:45:49,63.8424,-22.4338,45.07,87,75,18.41
445,Lashio,MM,2021-10-09 20:45:50,22.9333,97.75,66.43,99,96,0.67
446,South Lake Tahoe,US,2021-10-09 20:45:27,38.9332,-119.9844,59.83,31,1,1.99
447,Bilma,NE,2021-10-09 20:45:50,18.6853,12.9164,84.58,15,0,5.17
448,Half Moon Bay,US,2021-10-09 20:45:46,37.4636,-122.4286,74.5,52,1,5.75
449,Igrim,RU,2021-10-09 20:45:51,63.1906,64.4162,30.63,69,45,8.23
450,Orlik,RU,2021-10-09 20:45:51,52.5178,99.825,24.57,80,81,4.43
451,Skjervoy,NO,2021-10-09 20:45:51,70.0311,20.9714,48.47,81,100,12.75
452,Iskateley,RU,2021-10-09 20:45:52,67.6803,53.1512,30.67,74,88,8.08
453,Alcains,PT,2021-10-09 20:45:52,39.9164,-7.4566,64.35,44,79,4.14
454,Lexington,US,2021-10-09 20:42:37,37.9887,-84.4777,82.29,60,75,1.99
455,San Patricio,US,2021-10-09 20:45:53,28.017,-97.5169,91.49,45,0,13.69
456,Mandalgovi,MN,2021-10-09 20:45:53,45.7625,106.2708,28.04,68,0,9.73
457,Arcachon,FR,2021-10-09 20:45:53,44.5875,-1.0519,57.25,88,75,5.75
458,Maku,IR,2021-10-09 20:45:54,39.2911,44.4521,50.58,58,0,1.61
459,Glace Bay,CA,2021-10-09 20:45:54,46.1969,-59.957,53.04,70,75,4.0
460,Ontario,US,2021-10-09 20:45:45,34.0633,-117.6509,77.02,50,20,3.0
461,Hay River,CA,2021-10-09 20:45:55,60.8156,-115.7999,44.58,81,90,8.05
462,Tshela,CD,2021-10-09 20:45:55,-4.9833,12.9333,74.66,89,77,3.38
463,Lazaro Cardenas,MX,2021-10-09 20:45:56,17.9583,-102.2,86.23,70,37,8.43
464,Katobu,ID,2021-10-09 20:45:56,-4.9408,122.5276,74.17,94,95,2.84
465,Sechura,PE,2021-10-09 20:45:56,-5.5569,-80.8222,77.18,57,61,17.67
466,Tazovskiy,RU,2021-10-09 20:45:57,67.4667,78.7,28.99,70,39,16.75
467,Todos Santos,MX,2021-10-09 20:45:57,23.45,-110.2167,99.01,70,8,10.29
468,Cayenne,GF,2021-10-09 20:44:04,4.9333,-52.3333,86.04,78,100,1.99
469,Panzhihua,CN,2021-10-09 20:45:58,26.5851,101.7128,69.24,90,100,3.65
470,Mantua,IT,2021-10-09 20:45:58,45.1667,10.7833,60.04,73,61,3.0
471,Oistins,BB,2021-10-09 20:43:25,13.0667,-59.5333,82.49,83,75,27.63
472,Itarema,BR,2021-10-09 20:45:59,-2.9248,-39.9167,80.19,76,92,17.76
473,Uthal,PK,2021-10-09 20:45:59,25.8072,66.6219,79.45,77,0,3.42
474,Tromso,NO,2021-10-09 20:42:02,69.6496,18.957,46.42,93,75,1.01
475,Deputatskiy,RU,2021-10-09 20:46:00,69.3,139.9,16.9,86,100,4.92
476,Tumpat,MY,2021-10-09 20:46:00,6.1978,102.171,77.02,94,93,0.0
477,Marzuq,YE,2021-10-09 20:46:00,14.4,46.4667,76.57,64,32,1.14
478,Rakovski,BG,2021-10-09 20:43:23,42.3,24.9667,55.06,93,100,1.81
479,Hongjiang,CN,2021-10-09 20:46:01,27.11,109.9956,64.99,98,100,4.56
480,Tombouctou,ML,2021-10-09 20:46:02,20.0,-3.0,89.37,9,100,9.69
481,Ondjiva,AO,2021-10-09 20:46:02,-17.0667,15.7333,76.53,20,53,2.44
482,Shelburne,CA,2021-10-09 20:42:56,44.0787,-80.2041,66.65,90,100,10.87
483,Suksun,RU,2021-10-09 20:46:03,57.1431,57.3949,42.49,86,100,9.26
484,Coquimbo,CL,2021-10-09 20:46:03,-29.9533,-71.3436,62.33,48,20,13.8
485,La Orilla,MX,2021-10-09 20:46:03,17.9833,-102.2333,86.09,70,35,8.48
486,Sembe,CG,2021-10-09 20:46:04,1.6481,14.5806,72.68,97,100,2.33
487,Sambhar,IN,2021-10-09 20:46:04,26.9167,75.2,77.16,45,0,6.4
488,Ancud,CL,2021-10-09 20:46:05,-41.8697,-73.8203,63.93,77,1,6.85
489,Luganville,VU,2021-10-09 20:46:05,-15.5333,167.1667,78.94,83,89,13.98
490,Krasnoselkup,RU,2021-10-09 20:46:06,65.7,82.4667,26.24,72,100,15.75
491,Cabedelo,BR,2021-10-09 20:46:06,-6.9811,-34.8339,81.27,79,100,14.25
492,Huilong,CN,2021-10-09 20:44:40,31.8111,121.655,77.99,93,0,8.95
493,Rylsk,RU,2021-10-09 20:46:06,51.5655,34.6822,39.88,56,100,6.78
494,Tshikapa,CD,2021-10-09 20:46:07,-6.4167,20.8,79.54,51,81,1.66
495,Maxixe,MZ,2021-10-09 20:46:07,-23.8597,35.3472,71.62,78,0,12.77
496,Roebourne,AU,2021-10-09 20:46:08,-20.7833,117.1333,74.61,25,0,12.57
497,Pulgaon,IN,2021-10-09 20:46:08,20.7333,78.3333,75.02,65,23,4.59
498,Poya,NC,2021-10-09 20:46:09,-21.35,165.15,74.1,54,0,4.81
499,Senneterre,CA,2021-10-09 20:43:10,48.3835,-77.2328,66.42,81,100,8.57
500,Chifeng,CN,2021-10-09 20:46:09,42.2683,118.9636,46.42,42,93,16.44
501,Port Keats,AU,2021-10-09 20:46:10,-14.25,129.55,79.32,81,24,4.29
502,Aksha,RU,2021-10-09 20:46:10,50.2814,113.2867,31.19,75,6,8.59
503,Sisimiut,GL,2021-10-09 20:42:01,66.9395,-53.6735,33.1,65,100,11.25
504,La Palma,US,2021-10-09 20:46:10,33.8464,-118.0467,80.49,54,20,7.0
505,Kuusamo,FI,2021-10-09 20:46:11,65.9667,29.1833,46.44,87,90,10.36
506,Rorvik,NO,2021-10-09 20:46:11,64.8621,11.2373,53.65,96,100,21.63
507,Jati,PK,2021-10-09 20:46:12,24.3539,68.2671,79.77,73,0,11.79
508,Kiboga,UG,2021-10-09 20:46:12,0.9161,31.7742,62.49,97,84,1.25
509,Edirne,TR,2021-10-09 20:46:12,41.6772,26.556,51.8,81,100,11.81
510,Geraldton,AU,2021-10-09 20:46:13,-28.7667,114.6,45.01,87,0,5.75
511,Keuruu,FI,2021-10-09 20:46:13,62.2667,24.7,53.74,95,100,6.67
512,Richards Bay,ZA,2021-10-09 20:46:13,-28.783,32.0377,67.48,76,100,17.87
513,Vilyuysk,RU,2021-10-09 20:46:14,63.7553,121.6247,34.47,97,100,12.17
514,Zabol,AF,2021-10-09 20:46:14,32.25,67.25,55.71,27,0,15.59
515,Akranes,IS,2021-10-09 20:46:15,64.3218,-22.0749,45.16,86,100,14.09
516,Katangli,RU,2021-10-09 20:46:15,51.7102,143.2326,43.92,72,100,8.5
517,Prince Albert,CA,2021-10-09 20:46:16,53.2001,-105.7677,62.55,22,75,6.91
518,Bugiri,UG,2021-10-09 20:46:16,0.5714,33.7417,63.41,89,100,3.49
519,Kindia,GN,2021-10-09 20:46:16,10.0569,-12.8658,71.87,96,87,3.38
520,Yagodnoye,RU,2021-10-09 20:46:17,62.55,149.6667,7.25,90,55,4.41
521,Broome,US,2021-10-09 20:46:17,42.2506,-75.833,67.37,64,90,1.99
522,Leshukonskoye,RU,2021-10-09 20:46:18,64.8989,45.7622,32.52,89,100,3.42
523,Gat,IL,2021-10-09 20:46:18,31.61,34.7642,74.8,69,0,5.79
524,Vestmannaeyjar,IS,2021-10-09 20:46:19,63.4427,-20.2734,46.0,81,100,7.76
525,Nyurba,RU,2021-10-09 20:46:19,63.2842,118.3319,35.92,96,100,12.28
526,Dunedin,NZ,2021-10-09 20:42:17,-45.8742,170.5036,55.8,68,2,5.01
527,Qingdao,CN,2021-10-09 20:42:19,36.0986,120.3719,64.0,100,90,17.9
528,Primo Tapia,MX,2021-10-09 20:46:19,32.22,-116.9172,78.87,55,40,12.5
529,Waddan,LY,2021-10-09 20:46:20,29.1614,16.139,79.48,19,2,11.25
530,Barra Do Bugres,BR,2021-10-09 20:46:20,-15.0725,-57.1811,95.13,32,100,3.11
531,Sept-Iles,CA,2021-10-09 20:46:21,50.2001,-66.3821,50.52,76,75,1.99
532,Apen,DE,2021-10-09 20:46:21,53.2167,7.8,49.98,68,94,7.58
533,Hearst,CA,2021-10-09 20:46:21,49.6835,-83.6665,66.45,85,100,5.41
534,Muyezerskiy,RU,2021-10-09 20:46:22,63.9333,31.65,47.44,93,100,5.99
535,Vallenar,CL,2021-10-09 20:42:43,-28.5708,-70.7581,68.61,28,0,9.57
536,Filadelfia,US,2021-10-09 20:44:26,39.9523,-75.1638,71.06,73,75,4.0
537,Scottsbluff,US,2021-10-09 20:46:22,41.8666,-103.6672,71.83,31,20,8.01
538,Ayan,RU,2021-10-09 20:46:23,56.45,138.1667,40.57,57,75,5.61
539,Stavern,NO,2021-10-09 20:46:23,59.0,10.0333,54.73,93,33,22.28
540,Launceston,AU,2021-10-09 20:46:23,-41.45,147.1667,45.61,79,8,1.01
541,Pitimbu,BR,2021-10-09 20:46:24,-7.4706,-34.8086,81.19,77,97,12.84
542,Nizwa,OM,2021-10-09 20:46:24,22.9333,57.5333,84.13,37,5,1.79
543,Rundu,NA,2021-10-09 20:46:25,-17.9333,19.7667,79.47,11,61,6.78
544,Boyolangu,ID,2021-10-09 20:46:25,-8.1181,111.8935,73.67,95,90,3.53
545,Kaliua,TZ,2021-10-09 20:46:25,-5.0606,31.7936,79.77,43,92,1.59
546,Teknaf,BD,2021-10-09 20:46:26,20.8624,92.3058,78.87,89,18,3.4
547,Te Anau,NZ,2021-10-09 20:46:03,-45.4167,167.7167,50.25,66,51,2.19
548,Havelock,US,2021-10-09 20:46:26,34.8791,-76.9013,71.83,94,75,1.01
549,Aswan,EG,2021-10-09 20:46:27,24.0934,32.907,90.7,23,0,11.5
550,Goldsboro,US,2021-10-09 20:46:27,35.3849,-77.9928,72.9,94,75,9.22
551,Olmos,PE,2021-10-09 20:46:27,-5.9847,-79.7453,86.99,42,60,13.56
552,Juneau,US,2021-10-09 20:45:54,58.3019,-134.4197,48.25,92,90,4.0
553,Quepos,CR,2021-10-09 20:46:28,9.4236,-84.1652,90.54,83,53,5.1
554,Sharjah,AE,2021-10-09 20:46:28,25.3573,55.4033,89.58,77,0,3.44
555,Muscat,OM,2021-10-09 20:41:59,23.6139,58.5922,82.42,39,0,5.82
556,Mayo,US,2021-10-09 20:46:29,38.8876,-76.5119,73.36,75,90,11.01
557,Bima,ID,2021-10-09 20:46:29,-8.4667,118.7167,74.43,91,46,4.68
558,Ahipara,NZ,2021-10-09 20:46:29,-35.1667,173.1667,56.8,71,99,10.6
559,Lavrentiya,RU,2021-10-09 20:46:29,65.5833,-171.0,30.52,80,73,9.82
560,Udachnyy,RU,2021-10-09 20:46:28,66.4167,112.4,33.48,99,100,9.37
561,Reconquista,AR,2021-10-09 20:46:30,-29.15,-59.65,80.78,38,13,13.4
562,Phak Hai,TH,2021-10-09 20:46:30,14.4574,100.3699,82.94,91,100,8.05
563,Puerto Escondido,MX,2021-10-09 20:43:07,15.85,-97.0667,82.94,80,100,5.64
564,Spencer,US,2021-10-09 20:46:30,43.1414,-95.1444,78.71,65,100,17.38
565,Haverfordwest,GB,2021-10-09 20:46:31,51.8017,-4.9691,59.16,92,99,3.18
566,Izmit,TR,2021-10-09 20:46:31,40.7669,29.9169,63.27,100,75,0.0
567,Chapais,CA,2021-10-09 20:45:38,49.7834,-74.8492,65.98,65,61,10.8
568,Coracora,PE,2021-10-09 20:46:32,-15.0333,-73.7833,59.92,49,90,11.41
569,Smolenka,RU,2021-10-09 20:46:32,52.1352,113.4974,32.07,69,6,8.95
570,Fereydunshahr,IR,2021-10-09 20:46:32,32.941,50.121,44.8,55,0,4.07
571,Saint Anthony,US,2021-10-09 20:44:24,45.0205,-93.218,79.25,65,1,3.0
572,Madang,PG,2021-10-09 20:46:33,-5.2246,145.7966,76.53,94,100,6.49
